Profundidade [m],COT [%],S1 [mg HC/g rocha],S2 [mg HC/g rocha],S3 [mg CO2/g rocha],Tmáx [°C],IH [mg HC/g COT,IO [mg CO2/g COT],Ro [%],IH Calculado [mg HC/g COT],Cluster,Carbono Ativo [%],Carbono Inerte [%],IH₀ Ativo [mg HC/g COT],Ro [%]_ajustado,Taxa de Transformação [v/v],COT₀ [%],S2₀ [mg HC/g rocha],Rₒ calculada [%],IH₀ [mg HC/g COT]
2400,1.01,2.29,2.6,4.34,378,257.4258,429703,,257.4257425742574,1,1.0100000000000005,-5.295409196883467e-16,257.4257425742573,0.2,0.0,1.01,2.6,0.0,257.4257425742574
2820,1.07,0.25,0.39,2.83,319,36.4486,264486,0.25,36.44859813084112,1,1.0700000000000005,-5.295409196883467e-16,36.448598130841106,0.1851950014849404,0.0,1.07,0.39,0.0,36.44859813084112
2829,681,0.62,0.92,1.35,290,135.0955,198.2379,,135.0954478707783,1,0.6810000000000006,-5.295409196883467e-16,135.09544787077814,0.18914265667098284,0.0,681,0.92,0.0,135.09544787077826
2847,0.98,0.44,0.83,1.43,288,84.6939,145.9184,,84.6938775510204,1,0.9800000000000005,-5.295409196883467e-16,84.69387755102036,0.19700042976284848,0.0,0.98,0.83,0.0,84.6938775510204
2856,1.27,0.54,1.01,1.76,290,79.5276,138.5827,,79.52755905511812,1,1.2700000000000005,-5.295409196883467e-16,79.52755905511808,0.2009107057211743,0.0,1.27,1.01,0.0,79.5275590551181
2865,1.38,0.5,0.97,1.92,290,70.2899,139.1304,,70.28985507246377,1,1.3800000000000003,-5.295409196883467e-16,70.28985507246375,0.2048086787458221,0.0,1.38,0.97,0.0,70.28985507246378
2874,1.51,0.45,0.96,2.07,291,63.5762,137.0861,,63.57615894039736,1,1.5100000000000005,-5.295409196883467e-16,63.576158940397335,0.20869442601168586,0.0,1.51,0.96,0.0,63.57615894039735
2883,1.68,0.76,1.25,2.58,297,74.4048,153.5714,,74.40476190476191,1,1.6800000000000004,-5.295409196883467e-16,74.40476190476188,0.21256802396976582,0.0,1.68,1.25,0.0,74.40476190476191
2892,1.6,0.61,1.09,2.46,290,68125,153.75,,68125,1,1.6000000000000005,-5.295409196883467e-16,68.12499999999999,0.21642954835618688,0.0,1.6,1.09,0.0,68125
2901,1.81,0.89,1.44,2.98,291,79558,164.6409,,79.55801104972376,1,1.8100000000000005,-5.295409196883467e-16,79.55801104972373,0.2202790742010965,0.0,1.81,1.44,0.0,79.55801104972376
2910,1.61,0.54,0.87,2.66,335,54.0373,165.2174,,54.03726708074533,1,1.6100000000000005,-5.295409196883467e-16,54.03726708074532,0.22411667583740424,0.0,1.61,0.87,0.0,54.03726708074534
2919,1.55,0.37,0.76,2.37,288,49.0323,152.9032,,49.03225806451613,1,1.5500000000000005,-5.295409196883467e-16,49.032258064516114,0.22794242690939548,0.0,1.55,0.76,0.0,49.03225806451613
2928,1.64,0.44,0.81,2.59,291,49.3902,157.9268,,49.39024390243903,1,1.6400000000000003,-5.295409196883467e-16,49.39024390243901,0.23175640038120804,0.0,1.64,0.81,0.0,49.390243902439025
2937,1.63,0.39,0.7,2.77,297,42.9448,169.9386,,42.94478527607362,1,1.6300000000000003,-5.295409196883467e-16,42.94478527607361,0.23555866854519003,0.0,1.63,0.7,0.0,42.944785276073624
2946,1.68,0.27,0.62,2.69,290,36.9048,160119,,36.90476190476191,1,1.6800000000000004,-5.295409196883467e-16,36.9047619047619,0.2393493030301137,0.0,1.68,0.62,0.0,36.904761904761905
2955,1.63,0.44,0.83,2.96,292,50.9202,181.5951,,50.92024539877301,1,1.6300000000000003,-5.295409196883467e-16,50.920245398773,0.24312837480927563,0.0,1.63,0.83,0.0,50.92024539877301
2964,1.6,0.29,0.6,2.85,292,37.5,178125,,37.49999999999999,1,1.6000000000000005,-5.295409196883467e-16,37.499999999999986,0.24689595420846722,0.0,1.6,0.6,0.0,37.5
2973,1.45,0.32,0.62,2.95,324,42.7586,203.4483,,42.75862068965517,1,1.4500000000000004,-5.295409196883467e-16,42.75862068965516,0.2506521109138351,0.0,1.45,0.62,0.0,42.758620689655174
2982,1.35,0.17,0.43,2.65,345,31.8519,196.2963,,31.851851851851848,1,1.3500000000000005,-5.295409196883467e-16,31.85185185185184,0.2543969139796065,0.0,1.35,0.43,0.0,31.85185185185185
2991,1.4,0.43,0.74,3.7,295,52.8571,264.2857,,52.85714285714286,1,1.4000000000000004,-5.295409196883467e-16,52.85714285714285,0.2581304318357045,0.0,1.4,0.74,0.0,52.85714285714286
3000,1.22,0.22,0.38,3.7,315,31.1475,303.2787,,31.14754098360656,1,1.2200000000000004,-5.295409196883467e-16,31.147540983606547,0.26185273229526373,0.0,1.22,0.38,0.0,31.147540983606557
3006,1.24,0.3,0.44,4.38,311,35.4839,353.2258,,35.483870967741936,1,1.2400000000000004,-5.295409196883467e-16,35.48387096774192,0.26432806725988556,0.0,1.24,0.44,0.0,35.483870967741936
3012,1.17,0.23,0.43,4.03,314,36.7521,344.4445,,36.75213675213676,1,1.1700000000000004,-5.295409196883467e-16,36.75213675213674,0.2667984663588907,0.0,1.17,0.43,0.0,36.75213675213676
3018,1.19,0.24,0.43,4.0,318,36.1345,336.1344,,36.134453781512605,1,1.1900000000000004,-5.295409196883467e-16,36.13445378151259,0.26926394923753705,0.0,1.19,0.43,0.0,36.134453781512605
3024,1.11,0.17,0.28,4.64,316,25.2252,418018,,25.225225225225223,1,1.1100000000000005,-5.295409196883467e-16,25.225225225225216,0.27172453542402586,0.0,1.11,0.28,0.0,25.225225225225227
3030,1.08,0.09,0.19,3.91,335,17.5926,362037,,17.59259259259259,1,1.0800000000000005,-5.295409196883467e-16,17.592592592592585,0.2741802443304344,0.0,1.08,0.19,0.0,17.59259259259259
3036,1.02,0.17,0.28,4.71,315,27451,461.7647,,27.450980392156865,1,1.0200000000000005,-5.295409196883467e-16,27.450980392156854,0.2766310952536415,0.0,1.02,0.28,0.0,27.450980392156865
3042,1.01,0.21,0.31,4.38,311,30.6931,433.6634,,30.69306930693069,1,1.0100000000000005,-5.295409196883467e-16,30.693069306930678,0.2790771073762208,0.0,1.01,0.31,0.0,30.693069306930692
3054,0.8,0.12,0.17,3.32,321,21.25,415.0,,21.25,1,0.8000000000000006,-5.295409196883467e-16,21.249999999999986,0.28395469138373386,0.0,0.8,0.17,0.0,21.25
3060,0.93,0.14,0.27,3.44,323,29.0323,369.8925,,29.03225806451613,1,0.9300000000000006,-5.295409196883467e-16,29.03225806451611,0.28638630107040974,0.0,0.93,0.27,0.0,29.032258064516128
3072,974,0.14,0.29,3.74,322,29.7741,383.9836,,29.7741273100616,1,0.9740000000000005,-5.295409196883467e-16,29.77412731006158,0.2912352494820514,0.0,974,0.29,0.0,29.774127310061598
3090,683,0.13,0.22,4.66,319,32.2108,682284,,32.2108345534407,1,0.6830000000000006,-5.295409196883467e-16,32.21083455344068,0.2984732724315631,0.0,683,0.22,0.0,32.2108345534407
3228,0.73,0.27,0.55,4.3,315,75.3425,589.0411,,75.34246575342468,1,0.7300000000000005,-5.295409196883467e-16,75.3424657534246,0.3526030763794701,0.0,0.73,0.55,0.0,75.34246575342466
3507,912,0.22,0.51,3.83,361,55.9211,419.9561,,55.92105263157895,1,0.9120000000000006,-5.295409196883467e-16,55.92105263157891,0.4553060748097906,0.0,912,0.51,0.0,55.921052631578945
3516,1.03,0.26,0.96,5.37,397,93.2039,521.3592,,93.20388349514562,1,1.0300000000000005,-5.295409196883467e-16,93.20388349514559,0.45848139838735946,0.0,1.03,0.96,0.0,93.20388349514563
3684,0.87,0.2,0.53,4.13,402,60.9195,474.7126,,60.91954022988506,1,0.8700000000000006,-5.295409196883467e-16,60.919540229885015,0.5163074486923449,0.0,0.87,0.53,0.07599999999999962,60.91954022988506
3759,702,0.87,1.41,3.49,422,200.8547,497151,,200.85470085470087,1,0.7020000000000005,-5.295409196883467e-16,200.8547008547007,0.5412761442177363,0.0,702,1.41,0.43599999999999905,200.85470085470087
3786,0.75,1.03,1.62,3.54,424,216.0,472.0,,216.0,1,0.7500000000000006,-5.295409196883467e-16,215.99999999999983,0.5501430947027988,0.0,0.75,1.62,0.47199999999999953,216.0
3831,0.72,0.95,2.01,3.04,419,279.1667,422.2222,,279.16666666666663,1,0.7200000000000005,-5.295409196883467e-16,279.1666666666664,0.5647817613226689,0.0,0.72,2.01,0.3819999999999997,279.16666666666663
3876,552,0.95,1.29,2.47,289,233.6956,447.4638,,233.69565217391303,1,0.5520000000000006,-5.295409196883467e-16,233.69565217391278,0.5792494781413975,0.0,552,1.29,0.0,233.69565217391303
4002,603,1.04,1.53,2.55,289,253.7314,422.8856,,253.7313432835821,1,0.6030000000000005,-5.295409196883467e-16,253.73134328358185,0.6188827123499792,0.020691836000558794,0.6057801583618321,1.5623274228120017,0.0,257.9033666333496
4083,571,0.85,1.67,2.31,423,292.4694,404.5534,0.46,292.4693520140105,1,0.5710000000000005,-5.295409196883467e-16,292.46935201401027,0.6437076081862614,0.028877917367331918,0.5752707776565564,1.7196602053087964,0.45399999999999885,298.93056836887587
4131,0.68,1.08,1.7,2.78,406,250.0,408.8235,,250.0,1,0.6800000000000006,-5.295409196883467e-16,249.99999999999977,0.6581873024475513,0.03116463275987158,0.6847028313205292,1.7546840851224317,0.1479999999999997,256.2694361491567
4203,665,0.99,1.3,2.92,425,195.4887,439.0977,,195.48872180451127,1,0.6650000000000006,-5.295409196883467e-16,195.4887218045111,0.6795943963916127,0.03390063483204031,0.6689230860829344,1.3456172800341202,0.4899999999999993,201.16173414102917
4245,632,1.03,1.3,2.16,426,205.6962,341.7722,,205.69620253164555,1,0.6320000000000006,-5.295409196883467e-16,205.69620253164538,0.6919131529472082,0.036150102178343246,0.6361931647579908,1.3487577297440787,0.5079999999999991,212.00443583155268
4287,0.67,0.67,1.07,2.87,424,159.7015,428.3582,,159.7014925373134,1,0.6700000000000006,-5.295409196883467e-16,159.7014925373133,0.7041106258236116,0.03948493644367801,0.6737827661318445,1.1139856526958656,0.47199999999999953,165.33305817410636
4317,671,0.62,0.93,2.94,296,138.5991,438152,,138.59910581222056,1,0.6710000000000006,-5.295409196883467e-16,138.59910581222044,0.7127501638871951,0.04275241762572435,0.6745720522304423,0.9715354910516535,0.0,144.02249364457288
4347,711,0.72,1.09,3.08,424,153.3052,433.1927,,153.30520393811534,1,0.7110000000000005,-5.295409196883467e-16,153.30520393811523,0.7213298708748681,0.0468965091320932,0.7156123834485584,1.1436323656809124,0.47199999999999953,159.8117070263251
4407,694,0.77,1.29,2.91,427,185879,419.3084,,185.87896253602307,1,0.6940000000000005,-5.295409196883467e-16,185.87896253602293,0.7383130667403996,0.05820915029612195,0.7008568548270374,1.3697308700818311,0.5259999999999989,195.436608866423
4443,0.63,0.58,1.09,3.34,432,173.0159,530.1587,,173.015873015873,1,0.6300000000000006,-5.295409196883467e-16,173.0158730158729,0.7483923473187613,0.06714091621847018,0.6367467740795386,1.1684508613899844,0.6159999999999997,183.50322435147956
4473,0.72,0.56,0.81,3.54,431,112.5,491.6667,,112.50000000000004,1,0.7200000000000005,-5.295409196883467e-16,112.49999999999991,0.7567295573664357,0.07590191340071684,0.7257216083056199,0.8765303291351154,0.597999999999999,120.78051956887386
4497,0.8,0.41,1.08,2.74,437,135.0,342.5,,135.0,1,0.8000000000000006,-5.295409196883467e-16,134.9999999999999,0.7633591637557426,0.08380259332757589,0.8084955325256102,1.1787852619256995,0.7059999999999995,145.79984854627008
4521,0.94,0.85,1.5,5.51,423,159.5745,586.1702,,159.5744680851064,1,0.9400000000000005,-5.295409196883467e-16,159.5744680851063,0.7699534826518892,0.0925118065616104,0.9531506097079134,1.6529140663710868,0.45399999999999885,173.41583266443183
4533,0.78,0.56,0.97,4.47,433,124359,573.0769,,124.35897435897436,1,0.7800000000000006,-5.295409196883467e-16,124.35897435897427,0.7732375262916111,0.09717268659923661,0.788978622374166,1.0744025857461168,0.6339999999999995,136.17638745560217
4569,0.66,0.36,0.83,2.49,437,125.7576,377.2727,,125.75757575757574,1,0.6600000000000006,-5.295409196883467e-16,125.75757575757565,0.7830377467103897,0.11238804430172422,0.6690380245001838,0.935093308141672,0.7059999999999995,139.76684043335942
4614,0.51,0.53,0.73,2.82,438,143.1373,552.9412,,143.13725490196077,1,0.5100000000000006,-5.295409196883467e-16,143.13725490196063,0.7951800007575756,0.13400600087042847,0.519714728673757,0.8429619613227552,0.7239999999999993,162.1970505769352
4641,0.6,0.62,1.05,3.15,433,175.0,525.0,,175.00000000000003,1,0.6000000000000005,-5.295409196883467e-16,174.99999999999986,0.8024086388590543,0.1483485565555327,0.6157292924941048,1.2328987499314517,0.6339999999999995,200.2338957981694
4653,0.64,0.73,1.13,2.85,435,176.5625,445.3125,,176.56249999999997,1,0.6400000000000006,-5.295409196883467e-16,176.56249999999983,0.8056078781775895,0.1550482580381356,0.6578324855348083,1.337354482962887,0.669999999999999,203.29711778761381
4671,6.12,13.1,19.5,8.12,402,318.6274,132.6797,,318.6274509803921,2,6.12,4.405923637034443e-16,318.62745098039215,0.8103913000954215,0.16546768498808717,6.452508762972301,23.366380964794203,0.07599999999999962,362.1286204039287
4674,1.5,1.54,4.87,4.81,405,324.6667,320.6667,,324.6666666666667,2,1.4999999999999996,4.405923637034443e-16,324.66666666666674,0.8111867445770979,0.1672469882286194,1.5841142362978815,5.848072515091645,0.129999999999999,369.169873048976
4689,557,0.52,0.84,4.94,422,150.8079,886.8941,,150.80789946140035,1,0.5570000000000006,-5.295409196883467e-16,150.80789946140018,0.8151563241912001,0.17632447710804655,0.5724644394209542,1.0198190630343495,0.43599999999999905,178.14539957554274
4713,692,0.58,0.94,3.31,432,135.8382,478.3237,,135.83815028901734,1,0.6920000000000005,-5.295409196883467e-16,135.83815028901725,0.8214813142540809,0.19146609068148734,0.7111434380083544,1.1625981163762147,0.6159999999999997,163.48292823065557
4728,728,0.69,1.02,2.07,435,140.1099,284.3407,,140.10989010989013,1,0.7280000000000005,-5.295409196883467e-16,140.10989010989002,0.8254180977943442,0.2013070648304378,0.7501094427524604,1.2770865436332606,0.669999999999999,170.2533618223901
4740,928,0.62,1.45,1.96,438,156.25,211.2069,,156.24999999999997,1,0.9280000000000006,-5.295409196883467e-16,156.2499999999999,0.8285585424103914,0.2093840012979271,0.9610251158649911,1.8340129751743135,0.7239999999999993,190.83923457334112
4752,937,0.42,1.12,3.64,436,119.5304,388.4739,,119.53041622198506,1,0.9370000000000006,-5.295409196883467e-16,119.53041622198499,0.8316910465764611,0.21763881272012497,0.9637944918306682,1.4315638584961412,0.6879999999999988,148.5341398638805
4770,787,0.44,1.17,4.37,432,148.6658,555.2731,,148.66581956797967,1,0.7870000000000006,-5.295409196883467e-16,148.66581956797955,0.8363750020145613,0.23034681069083973,0.8171142078193899,1.520165207202208,0.6159999999999997,186.04072633359672
4785,0.68,0.54,1.09,4.05,435,160.2941,595.5883,,160.29411764705884,1,0.6800000000000006,-5.295409196883467e-16,160.2941176470587,0.840264816003236,0.24122739919776137,0.7098016248568941,1.4365305215917916,0.669999999999999,202.38478911363669
4800,693,0.65,1.19,3.73,433,171.7172,538.2395,,171.7171717171717,1,0.6930000000000005,-5.295409196883467e-16,171.7171717171716,0.844142455280334,0.2523639224324583,0.7275447800028143,1.591683488404818,0.6339999999999995,218.77464207751734
4827,694,0.69,1.2,2.59,436,172.9107,373.1989,,172.91066282420752,1,0.6940000000000005,-5.295409196883467e-16,172.91066282420738,0.8510917677602929,0.2730283893017784,0.7327587759429578,1.650683441197184,0.6879999999999988,225.26969248140165
4842,0.69,0.66,1.08,2.76,436,156.5217,400.0,,156.5217391304348,1,0.6900000000000005,-5.295409196883467e-16,156.52173913043467,0.8549357197662992,0.28483700661668365,0.7269924918086159,1.5101452535885573,0.6879999999999988,207.72501375242675
4854,0.71,0.75,1.05,4.07,438,147.8873,573.2394,,147.88732394366198,1,0.7100000000000005,-5.295409196883467e-16,147.88732394366187,0.8580023172172879,0.2944449166238243,0.7476843376195411,1.4881899723202465,0.7239999999999993,199.0398751775795
4866,0.73,0.61,0.68,3.68,444,93.1507,504.1096,,93.15068493150686,1,0.7300000000000005,-5.295409196883467e-16,93.15068493150677,0.8610613428150131,0.30419069718637104,0.755566016291426,0.9772792592026275,0.831999999999999,129.3439935267927
4878,912,0.52,1.45,3.32,441,158.9912,364.0351,,158.99122807017542,1,0.9120000000000006,-5.295409196883467e-16,158.99122807017534,0.8641128338593056,0.31406935142184267,0.9690968044706655,2.1139163310542495,0.7779999999999996,218.13262837131123
4881,1.13,0.67,2.07,3.02,440,183.1858,267.2567,,183.1858407079646,1,1.1300000000000003,-5.295409196883467e-16,183.18584070796453,0.8648745336912587,0.3165591781694701,1.2124561002177052,3.0287918629965733,0.7599999999999989,249.80631154008228
4884,1.1,0.6,1.64,3.58,439,149.0909,325.4545,,149.0909090909091,1,1.1000000000000005,-5.295409196883467e-16,149.090909090909,0.8656357655048552,0.31905690807936793,1.1660845037557985,2.408424462276727,0.7419999999999991,206.53944499901348
4887,1.11,0.62,1.91,2.4,439,172.0721,216.2162,,172.07207207207205,1,1.1100000000000005,-5.295409196883467e-16,172.072072072072,0.8663965298748764,0.32156245921345317,1.1878551397512072,2.8152923226884536,0.7419999999999991,237.00636790426387
4890,1.12,0.21,1.75,2.94,436,156.25,262.5,0.88,156.24999999999997,1,1.1200000000000006,-5.295409196883467e-16,156.24999999999991,0.8671568273750498,0.3240757491364761,1.1921580860321692,2.589047512001967,0.6879999999999988,217.1731704323737
4893,1.21,0.59,1.86,3.19,441,153719,263.6364,,153.71900826446284,1,1.2100000000000004,-5.295409196883467e-16,153.71900826446276,0.8679166585780447,0.32659669491911814,1.2875796716842478,2.762089205630788,0.7779999999999996,214.51792587077537
4896,1.16,0.73,2.01,4.04,438,173.2759,348.2759,,173.2758620689655,1,1.1600000000000004,-5.295409196883467e-16,173.27586206896544,0.8686760240554801,0.3291252131425253,1.2448035810233893,2.9960881514347597,0.7239999999999993,240.68762310047248
4899,0.99,0.73,1.55,4.09,437,156.5657,413.1313,,156.56565656565658,1,0.9900000000000005,-5.295409196883467e-16,156.56565656565647,0.8694349243779236,0.33166121990128516,1.0561497461007894,2.3191830941952256,0.7059999999999995,219.5884724450716
4902,1.15,0.73,2.02,3.73,438,175.6522,324.3478,,175.6521739130435,1,1.1500000000000004,-5.295409196883467e-16,175.6521739130434,0.8701933601148948,0.33420463080784657,1.2372010097252315,3.0339652293631576,0.7239999999999993,245.22815658200662
4905,1.32,0.65,2.0,3.75,440,151.5152,284.0909,,151.5151515151515,1,1.3200000000000005,-5.295409196883467e-16,151.51515151515144,0.8709513318348652,0.33675536099587333,1.4073311575925604,3.015478576657679,0.7599999999999989,214.26929691630522
4908,1.3,0.84,2.35,3.21,441,180.7692,246.9231,,180.7692307692308,1,1.3000000000000005,-5.295409196883467e-16,180.7692307692307,0.8717088401052706,0.33931332512378987,1.4037938641949552,3.5569053976157594,0.7779999999999996,253.37804134480714
4911,1.43,0.81,2.65,3.06,441,185.3147,213986,,185.3146853146853,1,1.4300000000000004,-5.295409196883467e-16,185.31468531468528,0.8724658854925007,0.3418784373787176,1.5483886082812417,4.026611724200486,0.7779999999999996,260.05175333020225
4914,1.53,0.91,2.51,3.19,440,164.0523,208.4967,,164.05228758169932,1,1.5300000000000005,-5.295409196883467e-16,164.0522875816993,0.8732224685619059,0.34445061148041134,1.6434210637616053,3.8288495786233163,0.7599999999999989,232.9804371534287
4917,1.63,0.79,2.93,2.61,442,179.7546,160.1227,,179.75460122699388,2,1.6299999999999994,4.405923637034443e-16,179.7546012269939,0.8739785898778081,0.3470297606839239,1.7639181387328233,4.487187659683992,0.7959999999999994,254.38752293275536
4920,1.59,0.89,3.17,3.05,442,199.3711,191.8239,,199.3710691823899,2,1.5899999999999996,4.405923637034443e-16,199.37106918239,0.8747342500034918,0.3496157977843666,1.7365476228777978,4.874042126486021,0.7959999999999994,280.67425633906794
4923,1.52,0.85,2.9,2.21,442,190.7895,145.3947,,190.7894736842105,2,1.5199999999999996,4.405923637034443e-16,190.78947368421058,0.8754894495012131,0.3522086351195739,1.6556005009653625,4.476750011225145,0.7959999999999994,270.400377906071
4926,1.53,1.04,3.06,3.06,440,200.0,200.0,,200.0,2,1.5299999999999996,4.405923637034443e-16,200.00000000000006,0.8762441889322012,0.3548081845742246,1.6747187016638383,4.742775600742305,0.7599999999999989,283.1983422666948
4929,1.67,0.81,3.19,3.1,443,191018,185.6287,,191.01796407185628,2,1.6699999999999995,4.405923637034443e-16,191.01796407185634,0.8769984688566552,0.3574143575831741,1.8225914187727275,4.964318822938691,0.8139999999999992,272.3769448163812
4932,1.76,0.97,3.56,3.32,441,202.2727,188.6364,,202.27272727272728,2,1.7599999999999996,4.405923637034443e-16,202.2727272727273,0.8777522898337615,0.36002706513498595,1.932235230986724,5.562735244031673,0.7779999999999996,287.89120262500245
4935,1.63,1.29,3.53,3.92,440,216.5644,240.4908,,216.5644171779141,2,1.6299999999999994,4.405923637034443e-16,216.56441717791418,0.8785056524216746,0.36264621777545614,1.8027331693365345,5.5385252248434265,0.7599999999999989,307.2293403733059
4938,1.87,1.01,3.49,3.93,441,186631,210.1604,,186.6310160427808,2,1.8699999999999997,4.405923637034443e-16,186.63101604278077,0.8792585571775415,0.3652717256112936,2.042723762511696,5.4984158431592585,0.7779999999999996,269.17079754330103
4941,1.95,1.06,3.84,3.67,441,196.9231,188.2051,,196.9230769230769,2,1.9499999999999995,4.405923637034443e-16,196.92307692307696,0.88001100465749,0.36790349831312597,2.142211871065082,6.0750217565707185,0.7779999999999996,283.5864107853296
4944,2.14,1.14,4.35,3.18,441,203271,148.5981,,203.2710280373832,2,2.1399999999999997,4.405923637034443e-16,203.2710280373832,0.8807629954166316,0.3705414451194784,2.3602203044893217,6.910701214992112,0.7779999999999996,292.79899007086004
4947,2.24,1.06,4.56,3.31,441,203.5714,147.7679,,203.57142857142853,2,2.2399999999999998,4.405923637034443e-16,203.57142857142856,0.8815145300090741,0.37318547483987174,2.473479617875507,7.274879277622174,0.7779999999999996,294.11518999580966
4950,2.01,1.03,4.21,3.09,443,209.4527,153.7313,,209.452736318408,2,2.0099999999999993,4.405923637034443e-16,209.45273631840803,0.8822656089879111,0.37583549585832543,2.228011435651231,6.745016693618967,0.8139999999999992,302.7370769148431
4953,2.21,0.18,4.45,2.28,437,201.3575,103.1674,,201.3574660633484,2,2.2099999999999995,4.405923637034443e-16,201.35746606334845,0.8830162329052396,0.3784914161368036,2.4430597979117183,7.159997650136258,0.7059999999999995,293.0750060336833
4956,2.49,1.13,5.44,3.59,441,218.4739,144.1767,,218.47389558232933,2,2.4899999999999998,4.405923637034443e-16,218.47389558232933,0.8837664023121423,0.38115314321841254,2.7781467112084517,8.790543153586647,0.7779999999999996,316.4175282076048
4959,2.71,1.06,5.49,3.3,442,202583,121.7712,,202.58302583025832,2,2.7099999999999995,4.405923637034443e-16,202.58302583025835,0.8845161177587126,0.3838205842310316,3.0040978650068784,8.90974261635905,0.7959999999999994,296.5862970092903
4962,2.29,0.21,5.25,2.32,437,229.2577,101.31,0.9,229.25764192139732,2,2.2899999999999996,4.405923637034443e-16,229.2576419213974,0.8852653797940384,0.38649364589041113,2.5744336981200195,8.557368582790925,0.7059999999999995,332.39809551280905
4965,2.52,1.1,5.44,2.9,441,215873,115.0794,,215.8730158730159,2,2.5199999999999996,4.405923637034443e-16,215.8730158730159,0.8860141889662163,0.3891722345036186,2.818071483443808,8.905947481904745,0.7779999999999996,316.0298641900057
4968,2.53,0.92,5.51,2.49,443,217.7866,98419,,217.78656126482213,2,2.5299999999999994,4.405923637034443e-16,217.78656126482218,0.8867625458223447,0.3918562559722645,2.8353307828593706,9.060357940225241,0.8139999999999992,319.55206055668975
4971,2.28,1.08,4.76,2.66,443,208.7719,116.6667,,208.77192982456145,2,2.2799999999999994,4.405923637034443e-16,208.77192982456145,0.8875104509085343,0.39454561579589154,2.5467603001909356,7.8618639557085555,0.8139999999999992,308.70058541116475
4974,2.49,0.97,5.72,2.72,443,229.7189,109.2369,,229.718875502008,2,2.4899999999999998,4.405923637034443e-16,229.71887550200805,0.88825790476991,0.39724021907505147,2.814192845560362,9.489684250701881,0.8139999999999992,337.20802985028894
4977,2.32,0.99,4.1,3.54,444,176.7241,152.5862,,176.72413793103448,2,2.3199999999999994,4.405923637034443e-16,176.7241379310345,0.8890049079506053,0.39993997051473684,2.5550078770026783,6.832649732589282,0.831999999999999,267.42186566582234
4980,2.43,1.02,4.63,3.11,443,190535,127.9835,,190.5349794238683,2,2.4299999999999997,4.405923637034443e-16,190.53497942386832,0.8897514609937716,0.40264477442752167,2.6983915523261763,7.750832003792746,0.8139999999999992,287.23896638021495
4983,2.67,1.15,5.92,2.06,443,221.7228,77.1535,,221.7228464419476,2,2.6699999999999995,4.405923637034443e-16,221.7228464419476,0.8904975644415867,0.40535453473688676,3.017054022574492,9.95551189040107,0.8139999999999992,329.9745982641007
4986,2.43,1.11,4.84,2.2,443,199177,90535,,199.17695473251027,2,2.4299999999999997,4.405923637034443e-16,199.17695473251032,0.8912432188352355,0.4080691549800406,2.7169502518713395,8.176630835713247,0.8139999999999992,300.948860954722
4989,2.66,1.36,5.42,2.15,445,203.7594,80.8271,,203.7593984962406,2,2.6599999999999997,4.405923637034443e-16,203.75939849624064,0.8919884247149366,0.41078853831168516,2.9849711961291265,9.198734838710774,0.8499999999999996,308.168294911508
4992,2.81,1.05,5.14,1.64,443,182.9181,58363,,182.9181494661921,2,2.8099999999999996,4.405923637034443e-16,182.9181494661922,0.8927331826199314,0.41351258750659525,3.1216675657271176,8.764041461943227,0.8139999999999992,280.74871130301966
4995,2.75,1.29,5.01,2.17,443,182.1818,78.9091,,182.1818181818182,2,2.7499999999999996,4.405923637034443e-16,182.18181818181822,0.8934774930884899,0.4162412049630646,3.0572188155367126,8.582311808566429,0.8139999999999992,280.7228506167542
4998,3.0,1.38,5.6,1.69,444,186.6667,56.3333,,186.66666666666663,2,2.9999999999999996,4.405923637034443e-16,186.66666666666669,0.8942213566579102,0.41897429270613884,3.347278987546113,9.638127762164107,0.831999999999999,287.939182781708
5001,2.79,1.09,4.91,2.42,444,175.9857,86.7384,,175.98566308243727,2,2.7899999999999996,4.405923637034443e-16,175.9856630824373,0.8949647738645243,0.421711752390344,3.0979294889709483,8.490575453150562,0.831999999999999,274.0725856859612
5004,2.87,1.19,4.69,3.25,445,163.4146,113.2404,,163.41463414634148,2,2.8699999999999997,4.405923637034443e-16,163.4146341463415,0.895707745243703,0.4244534853029194,3.167454791907105,8.148776650082613,0.8499999999999996,257.26576022183053
5007,2.83,1.2,5.27,2.09,444,186.2191,73.8516,,186.2190812720848,2,2.8299999999999996,4.405923637034443e-16,186.21908127208482,0.896450271329849,0.4271993923672355,3.1680151941682464,9.200409234514494,0.831999999999999,290.4155652867705
5010,2.83,1.18,4.77,2.8,445,168.5512,98.9399,,168.55123674911658,2,2.8299999999999996,4.405923637034443e-16,168.5512367491166,0.8971923526564076,0.4299493741453304,3.1394002958026093,8.367677858169877,0.8499999999999996,266.53746160875045
5013,2.66,1.17,4.94,2.06,443,185.7143,77.4436,,185.7142857142857,2,2.6599999999999997,4.405923637034443e-16,185.71428571428575,0.8979339897558685,0.4327033308413135,2.9840450597872312,8.707965811479433,0.8139999999999992,291.81750399239377
5016,2.26,0.16,3.74,1.67,441,165.4867,73.8938,0.99,165.48672566371684,2,2.2599999999999993,4.405923637034443e-16,165.48672566371687,0.8986751831597566,0.4354611623039446,2.5080993669364675,6.624876359726371,0.7779999999999996,264.1393099117267
5019,2.13,1.05,4.07,2.09,444,191.0798,98.1221,,191.0798122065728,2,2.1299999999999994,4.405923637034443e-16,191.07981220657283,0.8994159333986556,0.43822276803029325,2.4030383585111803,7.244864633850933,0.831999999999999,301.4876815507656
5022,2.14,0.96,3.65,2.16,445,170.5607,100.9346,,170.56074766355138,2,2.1399999999999997,4.405923637034443e-16,170.56074766355144,0.9001562410021897,0.4409880471682115,2.3876264546846913,6.529377380054548,0.8499999999999996,273.4672908001773
5043,1.05,0.73,2.41,3.13,440,229.5238,298.0953,,229.52380952380952,1,1.0500000000000005,-5.295409196883467e-16,229.5238095238094,0.9053260447266496,0.4604393131319,1.226867318843499,4.466596730738361,0.7599999999999989,364.06518146956415
5046,1.58,1.11,3.41,2.32,438,215.8228,146.8354,,215.82278481012656,2,1.5799999999999996,4.405923637034443e-16,215.82278481012662,0.9060628302004332,0.46323030796685316,1.8330823221404433,6.352817699307479,0.7239999999999993,346.5647790378261
5049,1.7,1.15,3.47,1.83,441,204.1176,107.6471,,204.1176470588236,2,1.6999999999999995,4.405923637034443e-16,204.1176470588236,0.9067991777630589,0.46602405331982766,1.9604441246021147,6.498420053512962,0.7779999999999996,331.4769328012274
5052,1.3,1.0,2.69,2.27,440,206.9231,174.6154,,206.9230769230769,2,1.2999999999999996,4.405923637034443e-16,206.923076923077,0.9075350879347699,0.4688204450083333,1.5041812805651553,5.064200936804131,0.7599999999999989,336.67490762159963
5055,1.22,0.95,2.41,1.59,446,197541,130.3279,,197.54098360655732,1,1.2200000000000004,-5.295409196883467e-16,197.54098360655732,0.9082705612348807,0.47161937853269364,1.4049951122795563,4.561105956739027,0.8679999999999986,324.6350052662311
5058,1.17,0.96,2.42,2.54,440,206.8376,217094,,206.83760683760687,1,1.1700000000000004,-5.295409196883467e-16,206.83760683760678,0.9090055981817766,0.4744207490786181,1.3578621466223204,4.604443565375819,0.7599999999999989,339.0950677010449
5064,1.2,0.86,2.51,2.08,441,209.1666,173.3333,,209.16666666666669,1,1.2000000000000004,-5.295409196883467e-16,209.16666666666657,0.9104743650848661,0.480030380422221,1.3992796386875077,4.827205101017531,0.7779999999999996,344.97787058098976
